seed,FP_type,split_type,type,rmse,mae,r2
0,ECFP4,random,tr,0.8388999426312074,0.6287129,0.666391521150427
0,ECFP4,random,va,0.9922622592425331,0.78780353,0.44323256579053893
0,ECFP4,random,te,1.0210387094690048,0.76615655,0.3937999372145169
