iter,rmse
1,1.7819936025329222
2,1.883112973064525
3,1.0294937548809545
4,1.173860322116789
5,1.1750410924990153
6,1.0838315563907885
7,1.195050678375653
8,1.1375818286010486
