iter,rmse
1,1.47842312576356
2,1.593397938477082
3,1.760710306169064
4,1.519421099341295
5,1.4079290305117005
6,1.4888119598998204
7,1.398173847083838
8,1.169249998346189
