iter,rmse
1,1.921787461745335
2,1.7936824887666383
3,1.4314611947800175
4,1.4512356508106758
5,1.3463680815430374
6,1.2813776580312053
7,1.3034790801998663
8,1.287464088593687
