iter,rmse
1,1.256778427539807
2,1.1232915715044465
3,1.1654981848708943
4,1.1643997553630885
5,1.1504180566816276
6,1.1400974152384868
7,1.1443255976396296
8,1.1183369288809153
