iter,rmse
1,1.273766479961733
2,1.2363686215642828
3,1.3959399661696608
4,1.361010521935912
5,1.3479839182705011
6,1.3437036877344823
7,1.311382527971175
8,1.3170953131494416
