iter,rmse
1,1.2475419247855224
2,1.1314785959956177
3,1.1584355519699394
4,1.1827432230296044
5,1.188394208647211
6,1.162819504952484
7,1.1794200086367408
8,1.1570114192443244
