iter,rmse
1,1.2782521289962836
2,1.1879000603425273
3,1.1081990317041481
4,1.1415715654694076
5,1.123567651605495
6,1.1073540193706186
7,1.1023679633446504
8,1.0931677320008213
