iter,rmse
1,1.3400202033729078
2,1.1235290379437786
3,1.174856154545437
4,1.1904329164902645
5,1.211874223917171
6,1.1507579882347674
7,1.1860956467940753
8,1.1744841732435527
