iter,rmse
1,1.3492020770928717
2,2.1650990881822345
3,2.108983576028112
4,2.0277486743885835
5,1.9187189596559138
6,1.9937191231893991
7,1.911736405275059
8,1.9158397424311324
