iter,rmse
1,1.615025885554331
2,1.6455559959270132
3,55.88609357086449
4,1.0781256711700222
5,0.808889595342705
6,1.0921649142433387
7,0.8255898779653872
8,0.8569156249654408
