iter,rmse
1,1.643440247398677
2,1.8256186218856754
3,1.2536477339441512
4,1.0066724059554981
5,0.9096551408067535
6,0.9337117407414558
7,0.8773581848104243
8,0.8642772707521772
