iter,rmse
1,1.0368093822201632
2,1.317085224392836
3,1.1109841887439642
4,1.0898608143369037
5,1.0084369404790157
6,1.0496503349869517
7,1.0095236693485812
8,0.9882623055960625
