iter,rmse
1,1.1367487117389308
2,1.784733867450205
3,1.76213727422485
4,1.6845392166707365
5,1.5602047158141863
6,1.665497121156401
7,1.5552806508019124
8,1.5873608459330462
