iter,rmse
1,0.9872918176606242
2,1.4137239594912823
3,1.5627631042765295
4,1.5100723340335918
5,1.367772968043294
6,1.2715895323161506
7,1.327704724642681
8,1.5910349000076263
