iter,rmse
1,0.949023083733163
2,1.2188462330733745
3,1.1438443394321882
4,1.104330880206305
5,0.9734437644453295
6,1.0070604788385604
7,0.9518505902360346
8,0.9569947304611744
