iter,rmse
1,0.9284230661498386
2,1.2781683340298644
3,1.213674081634777
4,1.1085262274768577
5,0.9980094397287307
6,0.9986482519736433
7,1.0388085269788676
8,0.9713300512216755
